# SOURMASH-MANIFEST-VERSION: 1.0
internal_location,md5,md5short,ksize,moltype,num,scaled,n_hashes,with_abundance,name,filename
signatures/a25249589b12af6e9c1110cf8eb0cd13.sig.gz,a25249589b12af6e9c1110cf8eb0cd13,a2524958,31,DNA,0,1000,4960,1,"GCF_012030025.1 Shewanella sp. Iso12 strain=Iso12, ASM1203002v1",/dev/fd/63
signatures/6d843ea01796b09c255d6fb9a23f77d0.sig.gz,6d843ea01796b09c255d6fb9a23f77d0,6d843ea0,31,DNA,0,1000,4734,1,"GCF_900457125.1 Shewanella putrefaciens strain=NCTC10738, 53550_C01",/dev/fd/63
signatures/86fa69f854d4c32b1397e112e5295271.sig.gz,86fa69f854d4c32b1397e112e5295271,86fa69f8,31,DNA,0,1000,4723,1,"GCF_003025175.1 Shewanella algae strain=ACCC, ASM302517v1",/dev/fd/63
signatures/44c38b763e823efa72b080c998e62eeb.sig.gz,44c38b763e823efa72b080c998e62eeb,44c38b76,31,DNA,0,1000,4782,1,"GCF_009183365.1 Shewanella algae strain=CECT 5071, ASM918336v1",/dev/fd/63
signatures/f86bd8eb024aa704fb6c0358b58792d5.sig.gz,f86bd8eb024aa704fb6c0358b58792d5,f86bd8eb,31,DNA,0,1000,4744,1,"GCF_014444625.1 Shewanella algae strain=A3/19, ASM1444462v1",/dev/fd/63
signatures/c3ec7bdae8d85ec4f698a486ce0d6bc4.sig.gz,c3ec7bdae8d85ec4f698a486ce0d6bc4,c3ec7bda,31,DNA,0,1000,4859,1,"GCF_002318995.1 Shewanella algae strain=YHL, ASM231899v1",/dev/fd/63
signatures/30b149c9a32b67cdff91ce5465858b8e.sig.gz,30b149c9a32b67cdff91ce5465858b8e,30b149c9,31,DNA,0,1000,5114,1,"GCF_003721455.1 Shewanella algae strain=KC-Na-R1, ASM372145v1",/dev/fd/63
signatures/58cba341400d33df435eaea534e63b3e.sig.gz,58cba341400d33df435eaea534e63b3e,58cba341,31,DNA,0,1000,4683,1,"GCF_002836995.1 Shewanella algae strain=20-23R, ASM283699v1",/dev/fd/63
signatures/e5e067242932222168f5e2471e7b08ed.sig.gz,e5e067242932222168f5e2471e7b08ed,e5e06724,31,DNA,0,1000,4846,1,"GCF_007636355.1 Shewanella algae strain=JFC3, ASM763635v1",/dev/fd/63
signatures/5576b63e7b4af22cd253dea5e370dfaa.sig.gz,5576b63e7b4af22cd253dea5e370dfaa,5576b63e,31,DNA,0,1000,4774,1,"GCF_009846595.1 Shewanella algae strain=18064-CSB-B-B, ASM984659v1",/dev/fd/63
signatures/d231e154124ca713ffb88863cb213d76.sig.gz,d231e154124ca713ffb88863cb213d76,d231e154,31,DNA,0,1000,4889,1,"GCF_012396675.1 Shewanella algae strain=ATCC 51192, ASM1239667v1",/dev/fd/63
signatures/d3811c9aaad9985648244c068b740259.sig.gz,d3811c9aaad9985648244c068b740259,d3811c9a,31,DNA,0,1000,4751,1,"GCF_008119825.1 Shewanella algae strain=SYC, ASM811982v1",/dev/fd/63
signatures/ab655f2046d769520e59567117fa88c4.sig.gz,ab655f2046d769520e59567117fa88c4,ab655f20,31,DNA,0,1000,4742,1,"GCF_000518445.1 Shewanella sp. 38A_GOM-205m strain=38A_GOM-205m, ASM51844v1",/dev/fd/63
signatures/387558617caa017ebeb31ae349984f7d.sig.gz,387558617caa017ebeb31ae349984f7d,38755861,31,DNA,0,1000,4939,1,"GCF_000947195.1 Shewanella algae strain=MARS 14, Shewanella algae MARS 14",/dev/fd/63
signatures/16097c33c6a689633627b2cb2c66b5f7.sig.gz,16097c33c6a689633627b2cb2c66b5f7,16097c33,31,DNA,0,1000,4805,1,"GCF_007595165.1 Shewanella algae strain=CLS4, ASM759516v1",/dev/fd/63
signatures/d36aebcdca8436136a19c17720a2ddc1.sig.gz,d36aebcdca8436136a19c17720a2ddc1,d36aebcd,31,DNA,0,1000,4838,1,"GCF_009730655.1 Shewanella algae strain=RQs-106, ASM973065v1",/dev/fd/63
signatures/064c2dc3705239086e7c2b3f206a81d2.sig.gz,064c2dc3705239086e7c2b3f206a81d2,064c2dc3,31,DNA,0,1000,4735,1,"GCF_003124085.1 Shewanella algae strain=Sh392, ASM312408v1",/dev/fd/63
signatures/b7368addebc0a237764742df8a4939e8.sig.gz,b7368addebc0a237764742df8a4939e8,b7368add,31,DNA,0,1000,4822,1,"GCF_007636365.1 Shewanella algae strain=YTH, ASM763636v1",/dev/fd/63
signatures/5e007c4cac084e19d5b28a433c89b38f.sig.gz,5e007c4cac084e19d5b28a433c89b38f,5e007c4c,31,DNA,0,1000,4779,1,"GCF_007595175.1 Shewanella algae strain=CLS5, ASM759517v1",/dev/fd/63
signatures/31228a6a1352db884e19ed5a32e7ab88.sig.gz,31228a6a1352db884e19ed5a32e7ab88,31228a6a,31,DNA,0,1000,4811,1,"GCF_007595205.1 Shewanella algae strain=CHL, ASM759520v1",/dev/fd/63
signatures/16aa67e74a266caa092a9b93d20e04d5.sig.gz,16aa67e74a266caa092a9b93d20e04d5,16aa67e7,31,DNA,0,1000,4814,1,"GCF_003024575.1 Shewanella algae strain=SYT4, ASM302457v1",/dev/fd/63
signatures/518074c2befec5404fdc1b51e477c95e.sig.gz,518074c2befec5404fdc1b51e477c95e,518074c2,31,DNA,0,1000,4703,1,"GCF_003024535.1 Shewanella algae strain=AC, ASM302453v1",/dev/fd/63
signatures/a2505197c02a56dac1020043a5c786ad.sig.gz,a2505197c02a56dac1020043a5c786ad,a2505197,31,DNA,0,1000,4900,1,"GCA_001310535.1 Shewanella sp. JCM 19057 strain=JCM 19057, ASM131053v1",/dev/fd/63
signatures/75411765158764824642f6cb39d8a0dd.sig.gz,75411765158764824642f6cb39d8a0dd,75411765,31,DNA,0,1000,4780,1,"GCF_007636455.1 Shewanella algae strain=JFL, ASM763645v1",/dev/fd/63
signatures/679bc19f6a20caabf4613e489fd4a875.sig.gz,679bc19f6a20caabf4613e489fd4a875,679bc19f,31,DNA,0,1000,4641,1,"GCF_001858195.1 Shewanella algae strain=CSB04KR, ASM185819v1",/dev/fd/63
signatures/2f5aaa1d660ba3a7b8de6e02fc9b52ec.sig.gz,2f5aaa1d660ba3a7b8de6e02fc9b52ec,2f5aaa1d,31,DNA,0,1000,5021,1,"GCF_000614935.1 Shewanella algae JCM 14758 strain=JCM 14758, ASM61493v1",/dev/fd/63
signatures/74f8a264f6588fb50f9debb7217ba907.sig.gz,74f8a264f6588fb50f9debb7217ba907,74f8a264,31,DNA,0,1000,4841,1,"GCF_007595095.1 Shewanella algae strain=SYT1, ASM759509v1",/dev/fd/63
signatures/774a8f9cdb1f7a05dce3cb6086c5717d.sig.gz,774a8f9cdb1f7a05dce3cb6086c5717d,774a8f9c,31,DNA,0,1000,4857,1,"GCF_007636495.1 Shewanella algae strain=TYL, ASM763649v1",/dev/fd/63
signatures/93273a7f09fdf3e53cc745b4f4e7b690.sig.gz,93273a7f09fdf3e53cc745b4f4e7b690,93273a7f,31,DNA,0,1000,4877,1,"GCF_000956365.1 Shewanella algae strain=C6G3, ASM95636v1",/dev/fd/63
signatures/0d5396f2234dc320d5a824b3e346a21d.sig.gz,0d5396f2234dc320d5a824b3e346a21d,0d5396f2,31,DNA,0,1000,4781,1,"GCF_000615045.1 Shewanella algae JCM 21037 = NBRC 103173 strain=JCM 21037, ASM61504v1",/dev/fd/63
signatures/ae0d5207f232a1ed0d3fa2a206627445.sig.gz,ae0d5207f232a1ed0d3fa2a206627445,ae0d5207,31,DNA,0,1000,4741,1,"GCF_003427415.1 Shewanella algae strain=CCU101, ASM342741v1",/dev/fd/63
signatures/1544436f8d55059a997cfba7f013e6fc.sig.gz,1544436f8d55059a997cfba7f013e6fc,1544436f,31,DNA,0,1000,4689,1,"GCF_007595325.1 Shewanella algae strain=SYT2, ASM759532v1",/dev/fd/63
signatures/ca5ee81e8a4015058b8c2920d5024421.sig.gz,ca5ee81e8a4015058b8c2920d5024421,ca5ee81e,31,DNA,0,1000,4801,1,"GCF_007595085.1 Shewanella algae strain=CLS1, ASM759508v1",/dev/fd/63
signatures/c84ac0e8310d571a42f4dd8c06ac7d89.sig.gz,c84ac0e8310d571a42f4dd8c06ac7d89,c84ac0e8,31,DNA,0,1000,4869,1,"GCF_007844895.1 Shewanella algae strain=JFC2, ASM784489v1",/dev/fd/63
signatures/b0a6a2191f38bd92a3b2f685e169f868.sig.gz,b0a6a2191f38bd92a3b2f685e169f868,b0a6a219,31,DNA,0,1000,4961,1,"GCF_014263185.1 Shewanella algae strain=2NE11, ASM1426318v1",/dev/fd/63
signatures/ba201535f7a081e5e5fcb9c9a4116f6d.sig.gz,ba201535f7a081e5e5fcb9c9a4116f6d,ba201535,31,DNA,0,1000,4542,1,"GCF_007595375.1 Shewanella algae strain=CLS3, ASM759537v1",/dev/fd/63
signatures/8bbf46eb9d46a035e4a9aa9f73af025f.sig.gz,8bbf46eb9d46a035e4a9aa9f73af025f,8bbf46eb,31,DNA,0,1000,4820,1,"GCF_007636395.1 Shewanella algae strain=RC, ASM763639v1",/dev/fd/63
signatures/abfeefc64a6c13541cf1099d27962e84.sig.gz,abfeefc64a6c13541cf1099d27962e84,abfeefc6,31,DNA,0,1000,4760,1,"GCF_001598875.1 Shewanella algae JCM 21037 = NBRC 103173 strain=NBRC 103173, ASM159887v1",/dev/fd/63
signatures/bea1a9231947f0e8c8e4011afcd54c13.sig.gz,bea1a9231947f0e8c8e4011afcd54c13,bea1a923,31,DNA,0,1000,4772,1,"GCF_002237105.1 Shewanella algae strain=MN-01, ASM223710v1",/dev/fd/63
signatures/918441f08fa58496fd492913bfabb668.sig.gz,918441f08fa58496fd492913bfabb668,918441f0,31,DNA,0,1000,4783,1,"GCF_007860205.1 Shewanella algae strain=JFC1, ASM786020v1",/dev/fd/63
signatures/b43a5556fd860079d506af532dd59a4a.sig.gz,b43a5556fd860079d506af532dd59a4a,b43a5556,31,DNA,0,1000,4757,1,"GCF_007595215.1 Shewanella algae strain=melkephyllucas, ASM759521v1",/dev/fd/63
signatures/ace1848aecdf531df1ef978f5a921d01.sig.gz,ace1848aecdf531df1ef978f5a921d01,ace1848a,31,DNA,0,1000,4772,1,"GCF_007595365.1 Shewanella algae strain=CLS2, ASM759536v1",/dev/fd/63
signatures/f625b9fd6417bd3103dacc4b1b94f280.sig.gz,f625b9fd6417bd3103dacc4b1b94f280,f625b9fd,31,DNA,0,1000,4760,1,"GCF_007636415.1 Shewanella algae strain=YTL, ASM763641v1",/dev/fd/63
signatures/d34cae4323534ab1a2cfbbe7d082a34f.sig.gz,d34cae4323534ab1a2cfbbe7d082a34f,d34cae43,31,DNA,0,1000,4755,1,"GCF_007595405.1 Shewanella algae strain=SYT3, ASM759540v1",/dev/fd/63
signatures/61df513a5c0e988ef35d2baae3b624e7.sig.gz,61df513a5c0e988ef35d2baae3b624e7,61df513a,31,DNA,0,1000,4579,1,"GCF_012490605.1 Shewanella xiamenensis strain=SxND_W9_2018, ASM1249060v1",/dev/fd/63
signatures/1e968f6f59e9b3a0f7c67d5c1e98e734.sig.gz,1e968f6f59e9b3a0f7c67d5c1e98e734,1e968f6f,31,DNA,0,1000,4887,1,"GCA_003241225.1 Shewanella oneidensis, ASM324122v1",/dev/fd/63
signatures/9894504804eaa4ab09d5202b9999f151.sig.gz,9894504804eaa4ab09d5202b9999f151,98945048,31,DNA,0,1000,4543,1,"GCF_012490345.1 Shewanella xiamenensis strain=SxND_W2_2018, ASM1249034v1",/dev/fd/63
signatures/add6b037870b6c6eb3f0012a3cb9e385.sig.gz,add6b037870b6c6eb3f0012a3cb9e385,add6b037,31,DNA,0,1000,4856,1,"GCF_012490465.1 Shewanella xiamenensis strain=SxND_W5_2018, ASM1249046v1",/dev/fd/63
signatures/1c52bf9cd8aae5c72e459e3b95ec2492.sig.gz,1c52bf9cd8aae5c72e459e3b95ec2492,1c52bf9c,31,DNA,0,1000,4792,1,"GCF_007595285.1 Shewanella xiamenensis strain=ZYW6, ASM759528v1",/dev/fd/63
signatures/6eeb8b13d2862b1f1da2d2eb9509fd38.sig.gz,6eeb8b13d2862b1f1da2d2eb9509fd38,6eeb8b13,31,DNA,0,1000,4724,1,"GCF_012843185.1 Shewanella sp. DNRA4 strain=DNRA4, ASM1284318v1",/dev/fd/63
signatures/034b9d3355a9270399e01c3d7273656a.sig.gz,034b9d3355a9270399e01c3d7273656a,034b9d33,31,DNA,0,1000,4599,1,"GCF_002738015.1 Shewanella xiamenensis strain=AS58, ASM273801v1",/dev/fd/63
signatures/6731d03c1c6c9a3796876db3f79b254d.sig.gz,6731d03c1c6c9a3796876db3f79b254d,6731d03c,31,DNA,0,1000,4824,1,"GCF_007595225.1 Shewanella xiamenensis strain=ZYW2, ASM759522v1",/dev/fd/63
signatures/a884d204bacfa8ed87074cc939311a34.sig.gz,a884d204bacfa8ed87074cc939311a34,a884d204,31,DNA,0,1000,4825,1,"GCF_007595265.1 Shewanella xiamenensis strain=ZYW3, ASM759526v1",/dev/fd/63
signatures/f30fbbff3a1693870b7149e0b60abebf.sig.gz,f30fbbff3a1693870b7149e0b60abebf,f30fbbff,31,DNA,0,1000,4781,1,"GCF_001308045.1 Shewanella sp. Sh95 strain=Sh95, ASM130804v1",/dev/fd/63
signatures/ce53fd3cbb59ccd67f3fb0a7527e8f54.sig.gz,ce53fd3cbb59ccd67f3fb0a7527e8f54,ce53fd3c,31,DNA,0,1000,4900,1,"GCF_000282755.1 Shewanella sp. POL2 strain=POL2, ASM28275v1",/dev/fd/63
signatures/9aedea0023ee9330cf866e154244e444.sig.gz,9aedea0023ee9330cf866e154244e444,9aedea00,31,DNA,0,1000,5268,1,"GCF_006385775.1 Shewanella sp. LC2 strain=LC2, ASM638577v1",/dev/fd/63
signatures/8f46f787cbe3076a3747df35e8f8ba9f.sig.gz,8f46f787cbe3076a3747df35e8f8ba9f,8f46f787,31,DNA,0,1000,4982,1,"GCF_013307415.1 Shewanella sp. ZOR0012 strain=ZOR0012, ASM1330741v1",/dev/fd/63
signatures/34a2205ee95913344b9bf4f299895fce.sig.gz,34a2205ee95913344b9bf4f299895fce,34a2205e,31,DNA,0,1000,4824,1,"GCF_007595335.1 Shewanella xiamenensis strain=ZYW5, ASM759533v1",/dev/fd/63
signatures/6d26f2eb1fe6c2d27b5b29e027eb9cc1.sig.gz,6d26f2eb1fe6c2d27b5b29e027eb9cc1,6d26f2eb,31,DNA,0,1000,4713,1,"GCF_000712635.2 Shewanella xiamenensis strain=BC01, SXM1.0 for version 1 of the Shewanella xiamenensis genome",/dev/fd/63
signatures/02904a9e5a6254b8f99c9ddd03b91944.sig.gz,02904a9e5a6254b8f99c9ddd03b91944,02904a9e,31,DNA,0,1000,4966,1,"GCF_000798835.1 Shewanella sp. ZOR0012 strain=ZOR0012, ZOR0012.1",/dev/fd/63
signatures/7c15028cf71d91e02996d63ec374d201.sig.gz,7c15028cf71d91e02996d63ec374d201,7c15028c,31,DNA,0,1000,4823,1,"GCF_007595275.1 Shewanella xiamenensis strain=ZYW4, ASM759527v1",/dev/fd/63
signatures/def4d2e68befa954bb66c7418eaa7397.sig.gz,def4d2e68befa954bb66c7418eaa7397,def4d2e6,31,DNA,0,1000,5066,1,"GCF_001723195.1 Shewanella xiamenensis strain=T17, ASM172319v1",/dev/fd/63
signatures/f2dc950c5f37d5a1d849c26b6a0b496b.sig.gz,f2dc950c5f37d5a1d849c26b6a0b496b,f2dc950c,31,DNA,0,1000,4843,1,"GCF_002209245.2 Shewanella sp. FDAARGOS_354 strain=FDAARGOS_354, ASM220924v2",/dev/fd/63
signatures/f5ba1ac79a59510c54ea98dde6e0fd25.sig.gz,f5ba1ac79a59510c54ea98dde6e0fd25,f5ba1ac7,31,DNA,0,1000,5066,1,"GCF_002074855.1 Shewanella xiamenensis strain=T17, ASM207485v1",/dev/fd/63
signatures/75e5cb3a639326790f0be2cae50f9253.sig.gz,75e5cb3a639326790f0be2cae50f9253,75e5cb3a,31,DNA,0,1000,5270,1,"GCF_006385735.1 Shewanella sp. LC6 strain=LC6, ASM638573v1",/dev/fd/63
signatures/9635bafe2457aa5564747a3e3ef345fe.sig.gz,9635bafe2457aa5564747a3e3ef345fe,9635bafe,31,DNA,0,1000,4711,1,"GCF_003130545.1 Shewanella xiamenensis strain=DCB2-1, ASM313054v1",/dev/fd/63
signatures/6083d7bc30cb95483c27a4fa9eccf3bb.sig.gz,6083d7bc30cb95483c27a4fa9eccf3bb,6083d7bc,31,DNA,0,1000,4823,1,"GCF_007636465.1 Shewanella xiamenensis strain=ZYW1, ASM763646v1",/dev/fd/63
signatures/7e86b48f30345b2daecd92dbd8ea877f.sig.gz,7e86b48f30345b2daecd92dbd8ea877f,7e86b48f,31,DNA,0,1000,4611,1,"GCA_014647135.1 Shewanella xiamenensis strain=JCM 16212, ASM1464713v1",/dev/fd/63
signatures/f29f6daea5f0a0c1143267f2c2ede370.sig.gz,f29f6daea5f0a0c1143267f2c2ede370,f29f6dae,31,DNA,0,1000,4618,1,"GCA_009993825.1 Shewanella vesiculosa, ASM999382v1",/dev/fd/63
signatures/1837bb77224032b97ba143effd673e04.sig.gz,1837bb77224032b97ba143effd673e04,1837bb77,31,DNA,0,1000,4584,1,"GCA_009994185.1 Shewanella vesiculosa, ASM999418v1",/dev/fd/63
signatures/2e5ac7d06bcb2abfae4384a79939b2df.sig.gz,2e5ac7d06bcb2abfae4384a79939b2df,2e5ac7d0,31,DNA,0,1000,4615,1,"GCA_009994445.1 Shewanella vesiculosa, ASM999444v1",/dev/fd/63
signatures/e00d4e2c38d1381dd1057bc52dae078f.sig.gz,e00d4e2c38d1381dd1057bc52dae078f,e00d4e2c,31,DNA,0,1000,4574,1,"GCF_014164545.1 Shewanella sp. SG41-3 strain=SG41-3, ASM1416454v1",/dev/fd/63
signatures/d1039455398e74e9a1c1c75ae3c09bca.sig.gz,d1039455398e74e9a1c1c75ae3c09bca,d1039455,31,DNA,0,1000,4527,1,"GCA_009993915.1 Shewanella vesiculosa, ASM999391v1",/dev/fd/63
signatures/52a32efa890ba5f3b94cc96886022ddb.sig.gz,52a32efa890ba5f3b94cc96886022ddb,52a32efa,31,DNA,0,1000,4821,1,"GCA_002770875.1 Shewanella sp. CG18_big_fil_WC_8_21_14_2_50_42_11, ASM277087v1",/dev/fd/63
signatures/5d0eae7a1f5b1c1d2b0a42676d44e9b1.sig.gz,5d0eae7a1f5b1c1d2b0a42676d44e9b1,5d0eae7a,31,DNA,0,1000,4555,1,"GCA_009994365.1 Shewanella vesiculosa, ASM999436v1",/dev/fd/63
signatures/a2f3dd503f86f46b98f60b3840e9eaa2.sig.gz,a2f3dd503f86f46b98f60b3840e9eaa2,a2f3dd50,31,DNA,0,1000,4691,1,"GCF_014163845.1 Shewanella sp. SR43-4 strain=SR43-4, ASM1416384v1",/dev/fd/63
signatures/d9dc4d3d8dff8cd216764b676301d876.sig.gz,d9dc4d3d8dff8cd216764b676301d876,d9dc4d3d,31,DNA,0,1000,4943,1,"GCF_014164185.1 Shewanella sp. SG44-6 strain=SG44-6, ASM1416418v1",/dev/fd/63
signatures/db49eb3fa1ab1897e24297b7432563b8.sig.gz,db49eb3fa1ab1897e24297b7432563b8,db49eb3f,31,DNA,0,1000,4646,1,"GCF_003797885.1 Shewanella vesiculosa strain=LMG 24424, ASM379788v1",/dev/fd/63
signatures/80718d189d03644fe8e29b1d70089106.sig.gz,80718d189d03644fe8e29b1d70089106,80718d18,31,DNA,0,1000,4729,1,"GCA_002783895.1 Shewanella sp. CG_4_10_14_3_um_filter_42_91, ASM278389v1",/dev/fd/63
signatures/ae4d13e8de19fa6000b89df33b751baf.sig.gz,ae4d13e8de19fa6000b89df33b751baf,ae4d13e8,31,DNA,0,1000,4607,1,"GCA_002789495.1 Shewanella sp. CG_4_9_14_0_8_um_filter_42_14, ASM278949v1",/dev/fd/63
signatures/a9e2a53007b669f252a592a6be936838.sig.gz,a9e2a53007b669f252a592a6be936838,a9e2a530,31,DNA,0,1000,4452,1,"GCA_009994065.1 Shewanella vesiculosa, ASM999406v1",/dev/fd/63
signatures/ebeb365583d6d64c9407d471aedfe6bb.sig.gz,ebeb365583d6d64c9407d471aedfe6bb,ebeb3655,31,DNA,0,1000,4619,1,"GCF_014163775.1 Shewanella sp. SR43-8 strain=SR43-8, ASM1416377v1",/dev/fd/63
signatures/fa3a37afb67660e62c9d3e5a814f6c71.sig.gz,fa3a37afb67660e62c9d3e5a814f6c71,fa3a37af,31,DNA,0,1000,4584,1,"GCA_009993165.1 Shewanella vesiculosa, ASM999316v1",/dev/fd/63
signatures/d2d999dbe7b7e189111482be5f5357de.sig.gz,d2d999dbe7b7e189111482be5f5357de,d2d999db,31,DNA,0,1000,4858,1,"GCA_002784445.1 Shewanella sp. CG_4_10_14_0_8_um_filter_42_13, ASM278444v1",/dev/fd/63
signatures/a12a567dbf0ac9c5434314cec1aff12c.sig.gz,a12a567dbf0ac9c5434314cec1aff12c,a12a567d,31,DNA,0,1000,4606,1,"GCA_009994665.1 Shewanella frigidimarina, ASM999466v1",/dev/fd/63
signatures/38729c6374925585db28916b82a6f513.sig.gz,38729c6374925585db28916b82a6f513,38729c63,31,DNA,0,1000,5238,1,"GCF_000021665.1 Shewanella baltica OS223 strain=OS223, ASM2166v1",/dev/fd/63
signatures/834c827e71dbe8efd1ee681bd453aecc.sig.gz,834c827e71dbe8efd1ee681bd453aecc,834c827e,31,DNA,0,1000,5015,1,"GCF_001887095.2 Shewanella sp. SACH strain=SACH, ASM188709v2",/dev/fd/63
signatures/9a7b927d8ca3b48987523b1274d9ef68.sig.gz,9a7b927d8ca3b48987523b1274d9ef68,9a7b927d,31,DNA,0,1000,3828,1,"GCA_003516645.1 Shewanella baltica, ASM351664v1",/dev/fd/63
signatures/b72e585e1cb5710ec28a2b2c1d0e9e77.sig.gz,b72e585e1cb5710ec28a2b2c1d0e9e77,b72e585e,31,DNA,0,1000,5051,1,"GCF_000179535.2 Shewanella baltica OS183 strain=OS183, ASM17953v2",/dev/fd/63
signatures/a6a171da35c95c969817b7c4c27354c8.sig.gz,a6a171da35c95c969817b7c4c27354c8,a6a171da,31,DNA,0,1000,4781,1,"GCF_003052765.1 Shewanella baltica strain=128, ASM305276v1",/dev/fd/63
signatures/ad5468c1b16d6319bb2335de145bac4b.sig.gz,ad5468c1b16d6319bb2335de145bac4b,ad5468c1,31,DNA,0,1000,5098,1,"GCF_000231345.1 Shewanella baltica OS625 strain=OS625, ASM23134v2",/dev/fd/63
signatures/63bb40a6f6de2a92990e6165d135e950.sig.gz,63bb40a6f6de2a92990e6165d135e950,63bb40a6,31,DNA,0,1000,5376,1,"GCF_000018765.1 Shewanella baltica OS195 strain=OS195, ASM1876v1",/dev/fd/63
signatures/09a08691ce52952152f0e866a59f6261.sig.gz,09a08691ce52952152f0e866a59f6261,09a08691,31,DNA,0,1000,5177,1,"GCF_000017325.1 Shewanella baltica OS185 strain=OS185, ASM1732v1",/dev/fd/63
signatures/d9d71d86b4577dd25d3576670ddf3e8b.sig.gz,d9d71d86b4577dd25d3576670ddf3e8b,d9d71d86,31,DNA,0,1000,5196,1,"GCF_900456975.1 Shewanella baltica strain=NCTC10735, 50884_G01",/dev/fd/63
signatures/eca844795346880d005bc26c2fd6effe.sig.gz,eca844795346880d005bc26c2fd6effe,eca84479,31,DNA,0,1000,5199,1,"GCF_000147735.2 Shewanella baltica BA175 strain=BA175, ASM14773v3",/dev/fd/63
signatures/980cb1143e8183ebe5558f3ba2496bda.sig.gz,980cb1143e8183ebe5558f3ba2496bda,980cb114,31,DNA,0,1000,4789,1,"GCF_003030925.1 Shewanella baltica strain=CW2, ASM303092v1",/dev/fd/63
signatures/f8954f9efd6fa01096f7e056add69265.sig.gz,f8954f9efd6fa01096f7e056add69265,f8954f9e,31,DNA,0,1000,5014,1,"GCF_000015845.1 Shewanella baltica OS155 strain=OS155, ASM1584v1",/dev/fd/63
signatures/ef6a0d2ac4c613b707f159edef8ffb6d.sig.gz,ef6a0d2ac4c613b707f159edef8ffb6d,ef6a0d2a,31,DNA,0,1000,5125,1,"GCF_001620325.1 Shewanella baltica strain=M1, ASM162032v1",/dev/fd/63
signatures/1cadf874b00bab1d9fcdc1678aceafbd.sig.gz,1cadf874b00bab1d9fcdc1678aceafbd,1cadf874,31,DNA,0,1000,5248,1,"GCF_000178875.2 Shewanella baltica OS678 strain=OS678, ASM17887v2",/dev/fd/63
signatures/4fca15fd9dcd88c6f35616b0092289cd.sig.gz,4fca15fd9dcd88c6f35616b0092289cd,4fca15fd,31,DNA,0,1000,4934,1,"GCF_900636855.1 Shewanella putrefaciens strain=NCTC10737, 44858_H01",/dev/fd/63
signatures/0c537d39773e37c578a1e5dc9c411a0f.sig.gz,0c537d39773e37c578a1e5dc9c411a0f,0c537d39,31,DNA,0,1000,5279,1,"GCF_000215895.1 Shewanella baltica OS117 strain=OS117, ASM21589v1",/dev/fd/63
signatures/259f0ce6d3f85bcd19ba7591f1854c58.sig.gz,259f0ce6d3f85bcd19ba7591f1854c58,259f0ce6,31,DNA,0,1000,4270,1,"GCF_000615005.1 Shewanella putrefaciens JCM 20190 = NBRC 3908 strain=JCM 20190, ASM61500v1",/dev/fd/63
signatures/a6ec5b4b3f606f9a97c08201916ced77.sig.gz,a6ec5b4b3f606f9a97c08201916ced77,a6ec5b4b,31,DNA,0,1000,4250,1,"GCF_001591325.1 Shewanella putrefaciens JCM 20190 = NBRC 3908 strain=NBRC 3908, ASM159132v1",/dev/fd/63
signatures/5663118bcf7a1d980c0abb89d5179bd5.sig.gz,5663118bcf7a1d980c0abb89d5179bd5,5663118b,31,DNA,0,1000,4274,1,"GCF_900457065.1 Shewanella putrefaciens strain=NCTC10695, 57675_D02",/dev/fd/63
signatures/0b95cb479e1bf0dcbd8dc9ec91bde9d4.sig.gz,0b95cb479e1bf0dcbd8dc9ec91bde9d4,0b95cb47,31,DNA,0,1000,4669,1,GCA_902728295.2 Shewanella putrefaciens,/dev/fd/63
signatures/ab10cfefd0b8a8d4b91ea16372c284c4.sig.gz,ab10cfefd0b8a8d4b91ea16372c284c4,ab10cfef,31,DNA,0,1000,4263,1,"GCA_014647555.1 Shewanella putrefaciens strain=JCM 20190, ASM1464755v1",/dev/fd/63
signatures/745020c21faebb3218a34c8d56de365e.sig.gz,745020c21faebb3218a34c8d56de365e,745020c2,31,DNA,0,1000,4573,1,"GCF_009730575.1 Shewanella putrefaciens strain=FDAARGOS_681, ASM973057v1",/dev/fd/63
shewanella.zip/745020c21faebb3218a34c8d56de365e_0.sig.gz,745020c21faebb3218a34c8d56de365e,745020c2,31,DNA,0,1000,4573,1,"GCF_000016585.1 Shewanella putrefaciens CN-32 strain=CN-32, ASM1658v1",/dev/fd/63
signatures/de270fd74c2efd586aa984ae07848160.sig.gz,de270fd74c2efd586aa984ae07848160,de270fd7,31,DNA,0,1000,4269,1,"GCF_003044255.1 Shewanella putrefaciens strain=WS13, ASM304425v1",/dev/fd/63
signatures/9f396a02eef682acc82cc3926a083956.sig.gz,9f396a02eef682acc82cc3926a083956,9f396a02,31,DNA,0,1000,4549,1,"GCF_000015185.1 Shewanella sp. W3-18-1 strain=W3-18-1, ASM1518v1",/dev/fd/63
signatures/fa6cf25347123cadca669123a8b22ac3.sig.gz,fa6cf25347123cadca669123a8b22ac3,fa6cf253,31,DNA,0,1000,4591,1,"GCF_000169215.2 Shewanella putrefaciens 200 strain=200, ASM16921v2",/dev/fd/63
signatures/79373fa23f22ee8c5a551b32ebf0cb06.sig.gz,79373fa23f22ee8c5a551b32ebf0cb06,79373fa2,31,DNA,0,1000,4360,1,"GCF_007636515.1 Shewanella sp. MSW strain=MSW, ASM763651v1",/dev/fd/63
signatures/94214f0c2f40d4d4b55da4f83abefdc4.sig.gz,94214f0c2f40d4d4b55da4f83abefdc4,94214f0c,31,DNA,0,1000,4493,1,"GCF_001870495.1 Shewanella algae strain=BrY, ASM187049v1",/dev/fd/63
signatures/90f039db560d6942d07eaeef71518350.sig.gz,90f039db560d6942d07eaeef71518350,90f039db,31,DNA,0,1000,4475,1,"GCF_010214955.1 Shewanella sp. SE1 strain=SE1, ASM1021495v1",/dev/fd/63
signatures/f009e6fe65dab73ffdd09c92fde599bc.sig.gz,f009e6fe65dab73ffdd09c92fde599bc,f009e6fe,31,DNA,0,1000,4323,1,"GCA_014652115.1 Shewanella indica strain=KCTC 23171, ASM1465211v1",/dev/fd/63
signatures/aea4bce32d46c27be78728e3be88a87d.sig.gz,aea4bce32d46c27be78728e3be88a87d,aea4bce3,31,DNA,0,1000,4397,1,"GCF_000813075.1 Shewanella sp. ECSMB14102 strain=ECSMB14102, ASM81307v1",/dev/fd/63
signatures/26473e231298be40cdcfaa0aeceff57e.sig.gz,26473e231298be40cdcfaa0aeceff57e,26473e23,31,DNA,0,1000,4318,1,"GCF_002836975.1 Shewanella indica strain=KJW27, ASM283697v1",/dev/fd/63
signatures/d30e42a598f8ee4daf1336508ef2f44e.sig.gz,d30e42a598f8ee4daf1336508ef2f44e,d30e42a5,31,DNA,0,1000,5085,1,"GCF_002966515.1 Shewanella sp. WE21 strain=WE21, ASM296651v1",/dev/fd/63
signatures/d5a72e04e7b7c1582f413ca00ae31367.sig.gz,d5a72e04e7b7c1582f413ca00ae31367,d5a72e04,31,DNA,0,1000,5022,1,"GCF_012584455.1 Shewanella sp. S-1 strain=S-1, ASM1258445v1",/dev/fd/63
signatures/1965948595721458ffb528159cf9b67d.sig.gz,1965948595721458ffb528159cf9b67d,19659485,31,DNA,0,1000,4911,1,"GCF_003315425.1 Shewanella putrefaciens strain=97, ASM331542v1",/dev/fd/63
signatures/c6e8cb74e3ccb307f6dcceebcfc0a877.sig.gz,c6e8cb74e3ccb307f6dcceebcfc0a877,c6e8cb74,31,DNA,0,1000,5086,1,"GCF_013248875.1 Shewanella sp. DC2-4 strain=DC2-4, ASM1324887v1",/dev/fd/63
signatures/6dc02e3918b86146f32259e52397eb9b.sig.gz,6dc02e3918b86146f32259e52397eb9b,6dc02e39,31,DNA,0,1000,4912,1,"GCF_013283205.1 Shewanella sp. ISTPL2 strain=ISTPL2, ASM1328320v1",/dev/fd/63
signatures/38696f9ad54fc89c705c23d2155e690e.sig.gz,38696f9ad54fc89c705c23d2155e690e,38696f9a,31,DNA,0,1000,3431,1,"GCF_000519065.1 Shewanella putrefaciens HRCR-6 strain=HRCR-6, ASM51906v1",/dev/fd/63
signatures/20ee5b301889dcf5110354e20d1ec1a0.sig.gz,20ee5b301889dcf5110354e20d1ec1a0,20ee5b30,31,DNA,0,1000,4871,1,"GCF_000014705.1 Shewanella frigidimarina NCIMB 400 strain=NCIMB 400, ASM1470v1",/dev/fd/63
signatures/9a32e4634bb86773dede71a1127fd70b.sig.gz,9a32e4634bb86773dede71a1127fd70b,9a32e463,31,DNA,0,1000,4843,1,"GCF_001529365.1 Shewanella frigidimarina strain=Ag06-30, ASM152936v1",/dev/fd/63
signatures/3b62ad307d05f1343dd2d08cdf3a53e7.sig.gz,3b62ad307d05f1343dd2d08cdf3a53e7,3b62ad30,31,DNA,0,1000,4800,1,"GCF_003797125.1 Shewanella frigidimarina strain=KCTC 23109, ASM379712v1",/dev/fd/63
signatures/135d03f4665fc18a02cac4abae1e12cd.sig.gz,135d03f4665fc18a02cac4abae1e12cd,135d03f4,31,DNA,0,1000,4758,1,"GCF_014164215.1 Shewanella sp. SG44-2 strain=SG44-2, ASM1416421v1",/dev/fd/63
signatures/e5a801fa4924aa68e51ece365f21e418.sig.gz,e5a801fa4924aa68e51ece365f21e418,e5a801fa,31,DNA,0,1000,4883,1,"GCF_003797845.1 Shewanella frigidimarina strain=KCCM 41815, ASM379784v1",/dev/fd/63
signatures/2aa75fb03ce8de5599540ab2a2069b5b.sig.gz,2aa75fb03ce8de5599540ab2a2069b5b,2aa75fb0,31,DNA,0,1000,4424,1,"GCA_014651975.1 Shewanella chilikensis strain=KCTC 22540, ASM1465197v1",/dev/fd/63
signatures/355954cbd602d37373fb743e93d28735.sig.gz,355954cbd602d37373fb743e93d28735,355954cb,31,DNA,0,1000,4566,1,"GCF_011106835.1 Shewanella chilikensis strain=DC57, ASM1110683v1",/dev/fd/63
signatures/af8c1cc2c05a1884ced846000d6dbccb.sig.gz,af8c1cc2c05a1884ced846000d6dbccb,af8c1cc2,31,DNA,0,1000,4108,1,"GCA_003517635.1 Shewanella sp., ASM351763v1",/dev/fd/63
signatures/3ba1ee236792e03ab1a433ead208d38a.sig.gz,3ba1ee236792e03ab1a433ead208d38a,3ba1ee23,31,DNA,0,1000,4423,1,"GCF_003217175.1 Shewanella chilikensis strain=JC5, ASM321717v1",/dev/fd/63
signatures/3030bebb74dd5b20c0b1dd0e3167d5d3.sig.gz,3030bebb74dd5b20c0b1dd0e3167d5d3,3030bebb,31,DNA,0,1000,4392,1,"GCF_002836945.1 Shewanella chilikensis strain=JC5, ASM283694v1",/dev/fd/63
signatures/c4c933777ea0f18c231757de864c2488.sig.gz,c4c933777ea0f18c231757de864c2488,c4c93377,31,DNA,0,1000,5047,1,"GCF_002836205.1 Shewanella sp. Choline-02u-19 strain=Choline-02u-19, ASM283620v1",/dev/fd/63
signatures/8d3422890071ec928a91f58c2740b761.sig.gz,8d3422890071ec928a91f58c2740b761,8d342289,31,DNA,0,1000,5107,1,"GCF_002836135.1 Shewanella sp. GutCb strain=GutCb, ASM283613v1",/dev/fd/63
signatures/5c208402c1af8be8a01d10c03a849f8b.sig.gz,5c208402c1af8be8a01d10c03a849f8b,5c208402,31,DNA,0,1000,5006,1,"GCF_002836615.1 Shewanella sp. Bg11-22 strain=Bg11-22, ASM283661v1",/dev/fd/63
signatures/9550d4c65a3969a358b375f1d973664d.sig.gz,9550d4c65a3969a358b375f1d973664d,9550d4c6,31,DNA,0,1000,5022,1,"GCF_002836075.1 Shewanella sp. GutDb-MelDb strain=GutDb-MelDb, ASM283607v1",/dev/fd/63
signatures/247d5f8ccea5981f5da29e501eecf99a.sig.gz,247d5f8ccea5981f5da29e501eecf99a,247d5f8c,31,DNA,0,1000,4999,1,"GCF_002075795.1 Shewanella japonica strain=KCTC 22435, ASM207579v1",/dev/fd/63
signatures/f8ba4a2a196e1dc27021f9fdabbac9b9.sig.gz,f8ba4a2a196e1dc27021f9fdabbac9b9,f8ba4a2a,31,DNA,0,1000,4945,1,"GCF_003605145.1 Shewanella japonica strain=KCTC 12235, ASM360514v1",/dev/fd/63
signatures/906521c53ebbbb6ce0b8d68bcbb3b2a0.sig.gz,906521c53ebbbb6ce0b8d68bcbb3b2a0,906521c5,31,DNA,0,1000,4947,1,"GCF_001675935.1 Shewanella sp. UCD-FRSSP16_17 strain=UCD-FRSSP16_17, ASM167593v1",/dev/fd/63
signatures/c4ed882d023673140d9856806974110a.sig.gz,c4ed882d023673140d9856806974110a,c4ed882d,31,DNA,0,1000,5016,1,"GCF_001401775.1 Shewanella sp. P1-14-1 strain=P1-14-1, ASM140177v1",/dev/fd/63
signatures/a1989a2ff01af47b5e2da52ace280765.sig.gz,a1989a2ff01af47b5e2da52ace280765,a1989a2f,31,DNA,0,1000,4616,1,"GCF_002873635.1 Shewanella sp. 10N.286.52.B9 strain=10N.286.52.B9, ASM287363v1",/dev/fd/63
signatures/ce65520ee4698bd94eeb7dbdf2a78e75.sig.gz,ce65520ee4698bd94eeb7dbdf2a78e75,ce65520e,31,DNA,0,1000,4760,1,"GCF_002874355.1 Shewanella sp. 10N.286.48.B5 strain=10N.286.48.B5, ASM287435v1",/dev/fd/63
signatures/d55984cb8db178f272452881b277a373.sig.gz,d55984cb8db178f272452881b277a373,d55984cb,31,DNA,0,1000,4645,1,"GCF_002873135.1 Shewanella sp. 10N.286.48.A6 strain=10N.286.48.A6, ASM287313v1",/dev/fd/63
signatures/d74895f35a050f387fb41139e65e42cc.sig.gz,d74895f35a050f387fb41139e65e42cc,d74895f3,31,DNA,0,1000,4544,1,"GCF_002874545.1 Shewanella sp. 10N.286.52.C2 strain=10N.286.52.C2, ASM287454v1",/dev/fd/63
signatures/efeeb4489ec4af73efe6fc94d1d11e90.sig.gz,efeeb4489ec4af73efe6fc94d1d11e90,efeeb448,31,DNA,0,1000,4832,1,"GCF_003129585.1 Shewanella sp. BC20 strain=BC20, ASM312958v1",/dev/fd/63
signatures/55ac2e78dd536e6dc8dce8af8b3e655c.sig.gz,55ac2e78dd536e6dc8dce8af8b3e655c,55ac2e78,31,DNA,0,1000,4916,1,"GCF_900636665.1 Shewanella putrefaciens strain=NCTC12093, 43781_G01",/dev/fd/63
signatures/77c7f3df8a4a6392c82091b2b0e860a7.sig.gz,77c7f3df8a4a6392c82091b2b0e860a7,77c7f3df,31,DNA,0,1000,4892,1,"GCF_002216875.1 Shewanella bicestrii strain=JAB-1, ASM221687v1",/dev/fd/63
signatures/f29f6a28d9ae7004a9b1391845c348d0.sig.gz,f29f6a28d9ae7004a9b1391845c348d0,f29f6a28,31,DNA,0,1000,5087,1,"GCF_002157365.1 Shewanella putrefaciens strain=SA70, ASM215736v1",/dev/fd/63
signatures/5a89034d26eff5dac89f5a3c30f82f6c.sig.gz,5a89034d26eff5dac89f5a3c30f82f6c,5a89034d,31,DNA,0,1000,4720,1,"GCF_004354305.1 Shewanella decolorationis strain=sesselensis, ASM435430v1",/dev/fd/63
signatures/90d7e4ec0811fe45392f5cb7f8964959.sig.gz,90d7e4ec0811fe45392f5cb7f8964959,90d7e4ec,31,DNA,0,1000,4859,1,"GCF_000485795.1 Shewanella decolorationis S12 strain=S12, SheDec2.0",/dev/fd/63
signatures/911e90db8645648ed78ad2aca9e7808f.sig.gz,911e90db8645648ed78ad2aca9e7808f,911e90db,31,DNA,0,1000,5180,1,"GCA_007923045.1 Shewanella decolorationis strain=Ni1-3, ASM792304v1",/dev/fd/63
signatures/6432043cf18b8a83a8e5be9e3fc9bb2c.sig.gz,6432043cf18b8a83a8e5be9e3fc9bb2c,6432043c,31,DNA,0,1000,4885,1,"GCF_014163715.1 Shewanella sp. SR44-4 strain=SR44-4, ASM1416371v1",/dev/fd/63
signatures/87a45a9526a4a61a427549c424df0358.sig.gz,87a45a9526a4a61a427549c424df0358,87a45a95,31,DNA,0,1000,4915,1,"GCF_002836315.1 Shewanella sp. ALD9 strain=ALD9, ASM283631v1",/dev/fd/63
signatures/cfebcc836c2aaea9de67f43b5bfdaf5b.sig.gz,cfebcc836c2aaea9de67f43b5bfdaf5b,cfebcc83,31,DNA,0,1000,4769,1,"GCF_010092445.1 Shewanella sp. Arc9-LZ strain=Arc9-LZ, ASM1009244v1",/dev/fd/63
signatures/bd94a27aca24ef99466572752eec88db.sig.gz,bd94a27aca24ef99466572752eec88db,bd94a27a,31,DNA,0,1000,4277,1,"GCF_003028295.1 Shewanella morhuae strain=CW7, ASM302829v1",/dev/fd/63
signatures/8a74f90a092e6a07fa7fb257a0770455.sig.gz,8a74f90a092e6a07fa7fb257a0770455,8a74f90a,31,DNA,0,1000,4409,1,"GCF_900457045.1 Shewanella putrefaciens strain=NCTC10736, 44738_B01",/dev/fd/63
signatures/7577f00cf681bf4a4f1d640da153b087.sig.gz,7577f00cf681bf4a4f1d640da153b087,7577f00c,31,DNA,0,1000,4189,1,"GCF_900156405.1 Shewanella morhuae strain=ATCC BAA-1205, IMG-taxon 2681812898 annotated assembly",/dev/fd/63
signatures/6a8c6493216af3b522ee3c136fcec7d6.sig.gz,6a8c6493216af3b522ee3c136fcec7d6,6a8c6493,31,DNA,0,1000,4292,1,"GCF_000773485.1 Shewanella sp. ECSMB14101 strain=ECSMB14101, ASM77348v1",/dev/fd/63
signatures/74951b4eb8a77f28bd91566bc4d468be.sig.gz,74951b4eb8a77f28bd91566bc4d468be,74951b4e,31,DNA,0,1000,4278,1,"GCF_006494755.1 Shewanella marisflavi strain=ECSMB14101, ASM649475v1",/dev/fd/63
signatures/ce551aa0d5aec028f300896380719afc.sig.gz,ce551aa0d5aec028f300896380719afc,ce551aa0,31,DNA,0,1000,4273,1,"GCF_002215585.1 Shewanella marisflavi strain=EP1, ASM221558v1",/dev/fd/63
signatures/4af7b773abf45f67536c85c9758c46c5.sig.gz,4af7b773abf45f67536c85c9758c46c5,4af7b773,31,DNA,0,1000,4504,1,"GCF_002836275.1 Shewanella sp. Actino-trap-3 strain=Actino-trap-3, ASM283627v1",/dev/fd/63
signatures/2375a84c3277ba6a9792d35fe9a1421b.sig.gz,2375a84c3277ba6a9792d35fe9a1421b,2375a84c,31,DNA,0,1000,4957,1,"GCF_003797165.1 Shewanella sp. R106 strain=R106, ASM379716v1",/dev/fd/63
signatures/cf9ca23c47dd0c90f82beeccb1eec203.sig.gz,cf9ca23c47dd0c90f82beeccb1eec203,cf9ca23c,31,DNA,0,1000,4960,1,"GCF_003855155.1 Shewanella sp. M2 strain=M2, ASM385515v1",/dev/fd/63
signatures/df9735c67651383334da91f5df5e8eb9.sig.gz,df9735c67651383334da91f5df5e8eb9,df9735c6,31,DNA,0,1000,4521,1,"GCA_014648335.1 Shewanella litoralis strain=JCM 32306, ASM1464833v1",/dev/fd/63
signatures/3daa64433713949438d22d274e51f79f.sig.gz,3daa64433713949438d22d274e51f79f,3daa6443,31,DNA,0,1000,4555,1,"GCF_009828585.1 Shewanella litoralis strain=JCM 32306, ASM982858v1",/dev/fd/63
signatures/fe1462ce48fa3177b320c6339902a626.sig.gz,fe1462ce48fa3177b320c6339902a626,fe1462ce,31,DNA,0,1000,4784,1,"GCF_007636505.1 Shewanella sp. KCT strain=KCT, ASM763650v1",/dev/fd/63
signatures/e407e75205d1ad248fa57dc052d3176c.sig.gz,e407e75205d1ad248fa57dc052d3176c,e407e752,31,DNA,0,1000,4512,1,"GCF_000016065.1 Shewanella loihica PV-4 strain=PV-4, ASM1606v1",/dev/fd/63
signatures/ba27e9aefad2b617eb6b60651a4e0593.sig.gz,ba27e9aefad2b617eb6b60651a4e0593,ba27e9ae,31,DNA,0,1000,4699,1,"GCF_000014685.1 Shewanella sp. MR-4 strain=MR-4, ASM1468v1",/dev/fd/63
signatures/0a593ee71a6a2275fad379edd24afd58.sig.gz,0a593ee71a6a2275fad379edd24afd58,0a593ee7,31,DNA,0,1000,4779,1,"GCF_000014665.1 Shewanella sp. MR-7 strain=MR-7, ASM1466v1",/dev/fd/63
signatures/21cbe662552585172c50ca586eefbe09.sig.gz,21cbe662552585172c50ca586eefbe09,21cbe662,31,DNA,0,1000,4307,1,"GCA_014644375.1 Shewanella carassii strain=CGMCC 1.16033, ASM1464437v1",/dev/fd/63
signatures/b4098bfab5d808a200b300d567512ea1.sig.gz,b4098bfab5d808a200b300d567512ea1,b4098bfa,31,DNA,0,1000,4304,1,"GCF_002777975.1 Shewanella carassii strain=08MAS2251, ASM277797v1",/dev/fd/63
signatures/b3fb7d0d40c8b55725f1635174ab3acc.sig.gz,b3fb7d0d40c8b55725f1635174ab3acc,b3fb7d0d,31,DNA,0,1000,3885,1,"GCA_014651955.1 Shewanella fodinae strain=KCTC 22506, ASM1465195v1",/dev/fd/63
signatures/52c34b5416996fdbc2f79f45751ea577.sig.gz,52c34b5416996fdbc2f79f45751ea577,52c34b54,31,DNA,0,1000,3999,1,"GCF_004342405.1 Shewanella fodinae strain=74A, ASM434240v1",/dev/fd/63
signatures/0afea21f42c4a35fbfe2d3451bc898dd.sig.gz,0afea21f42c4a35fbfe2d3451bc898dd,0afea21f,31,DNA,0,1000,4625,1,"GCF_004295345.1 Shewanella maritima strain=D4-2, ASM429534v1",/dev/fd/63
signatures/a688f77e94443ec5ec42f72637b97b38.sig.gz,a688f77e94443ec5ec42f72637b97b38,a688f77e,31,DNA,0,1000,4660,1,"GCF_012263345.1 Shewanella sp. WXL01 strain=WXL01, ASM1226334v1",/dev/fd/63
signatures/2fd082159456c81d3c88e9a2d2c440e9.sig.gz,2fd082159456c81d3c88e9a2d2c440e9,2fd08215,31,DNA,0,1000,4614,1,"GCF_000518705.1 Shewanella colwelliana ATCC 39565 strain=ATCC 39565, ASM51870v1",/dev/fd/63
signatures/3326756de03e024cab56eec6f8105200.sig.gz,3326756de03e024cab56eec6f8105200,3326756d,31,DNA,0,1000,4534,1,"GCF_001735525.1 Shewanella colwelliana strain=CSB03KR, ASM173552v1",/dev/fd/63
signatures/3085880e97e12aa2fc49a6352d986343.sig.gz,3085880e97e12aa2fc49a6352d986343,3085880e,31,DNA,0,1000,5051,1,"GCF_013394145.1 Shewanella sp. Scap07 strain=Scap07, ASM1339414v1",/dev/fd/63
signatures/6277bbb107927c66b1469bed9f800c05.sig.gz,6277bbb107927c66b1469bed9f800c05,6277bbb1,31,DNA,0,1000,4952,1,"GCF_000518805.1 Shewanella waksmanii ATCC BAA-643 strain=ATCC BAA-643, ASM51880v1",/dev/fd/63
signatures/ebdc38d9269cb02883e3a294f452b523.sig.gz,ebdc38d9269cb02883e3a294f452b523,ebdc38d9,31,DNA,0,1000,5360,1,"GCF_002196695.1 Shewanella sp. Shew256 strain=Shew256, ASM219669v1",/dev/fd/63
signatures/bddf8ec655235c1a6f3102c836881868.sig.gz,bddf8ec655235c1a6f3102c836881868,bddf8ec6,31,DNA,0,1000,5138,1,"GCF_000203935.1 Shewanella sp. ANA-3 strain=ANA-3, ASM20393v1",/dev/fd/63
signatures/e34bca3c3e5098a6768e2dc8a24d2771.sig.gz,e34bca3c3e5098a6768e2dc8a24d2771,e34bca3c,31,DNA,0,1000,4573,1,"GCF_006385555.1 Shewanella polaris strain=SM1901, ASM638555v1",/dev/fd/63
signatures/acf41a9b20885975f6e0020f799c2f80.sig.gz,acf41a9b20885975f6e0020f799c2f80,acf41a9b,31,DNA,0,1000,4630,1,"GCF_005234075.1 Shewanella sp. MEBiC00475 strain=MEBiC00475, ASM523407v1",/dev/fd/63
signatures/60607ad617c6573db2b8ccacd62efc51.sig.gz,60607ad617c6573db2b8ccacd62efc51,60607ad6,31,DNA,0,1000,6292,1,"GCF_007197555.1 Shewanella sp. YLB-06 strain=YLB-06, ASM719755v1",/dev/fd/63
signatures/7d16c9d71cb69795b4e95a5a5261c103.sig.gz,7d16c9d71cb69795b4e95a5a5261c103,7d16c9d7,31,DNA,0,1000,6447,1,"GCF_009377275.1 Shewanella sp. YLB-07 strain=YLB-07, ASM937727v1",/dev/fd/63
signatures/2d5b6aeea7def47a181b24066e64bd7e.sig.gz,2d5b6aeea7def47a181b24066e64bd7e,2d5b6aee,31,DNA,0,1000,4029,1,"GCF_900380485.1 Shewanella algidipiscicola, ERP106791_PRJEB24924",/dev/fd/63
signatures/cc08498e002bd55f3d11588da82c2c50.sig.gz,cc08498e002bd55f3d11588da82c2c50,cc08498e,31,DNA,0,1000,4097,1,"GCF_003605125.1 Shewanella algidipiscicola strain=LMG 23746, ASM360512v1",/dev/fd/63
signatures/4a029f68f8fd197dc8ad5e789b3d6cf2.sig.gz,4a029f68f8fd197dc8ad5e789b3d6cf2,4a029f68,31,DNA,0,1000,5848,1,"GCF_007197645.1 Shewanella hanedai strain=JCM 20706, ASM719764v1",/dev/fd/63
signatures/e03dfa0110f55176fc78dd4b6073c02f.sig.gz,e03dfa0110f55176fc78dd4b6073c02f,e03dfa01,31,DNA,0,1000,5843,1,"GCA_014647575.1 Shewanella hanedai strain=JCM 20706, ASM1464757v1",/dev/fd/63
signatures/a7bc5605f123612abe5b9dfb1f480eb0.sig.gz,a7bc5605f123612abe5b9dfb1f480eb0,a7bc5605,31,DNA,0,1000,4692,1,"GCF_013267215.1 Shewanella oneidensis MR-1 strain=MR-1, ASM1326721v1",/dev/fd/63
signatures/77ee8d793cff1150d76f65781eadb81a.sig.gz,77ee8d793cff1150d76f65781eadb81a,77ee8d79,31,DNA,0,1000,4806,1,"GCF_000146165.2 Shewanella oneidensis MR-1 strain=MR-1, ASM14616v2",/dev/fd/63
signatures/db190d3de49cc995fd72662a2dc3a26e.sig.gz,db190d3de49cc995fd72662a2dc3a26e,db190d3d,31,DNA,0,1000,5707,1,"GCF_000019525.1 Shewanella woodyi ATCC 51908 strain=ATCC 51908, ASM1952v1",/dev/fd/63
signatures/8009dadd858d1ad0715e3e0bfac62c52.sig.gz,8009dadd858d1ad0715e3e0bfac62c52,8009dadd,31,DNA,0,1000,5696,1,"GCF_900079515.1 Shewanella sp. Alg231_23 strain=Alg231_23, Shewanella sp.Alg231_23",/dev/fd/63
signatures/b2be2dee707aa2e2031f308c51aa75e5.sig.gz,b2be2dee707aa2e2031f308c51aa75e5,b2be2dee,31,DNA,0,1000,4077,1,"GCF_000172075.1 Shewanella benthica KT99 strain=KT99, ASM17207v1",/dev/fd/63
signatures/2849423dd58b6ad3fe322baac824b2df.sig.gz,2849423dd58b6ad3fe322baac824b2df,2849423d,31,DNA,0,1000,4155,1,"GCF_900476435.1 Shewanella benthica strain=DB21MT-2, SHEWBE_PRJEB25587v2",/dev/fd/63
signatures/e8fef66a0365ae4e6c9bb4aae92c8ceb.sig.gz,e8fef66a0365ae4e6c9bb4aae92c8ceb,e8fef66a,31,DNA,0,1000,5141,1,"GCF_003112715.1 Shewanella halifaxensis strain=6JANF4-E-4, ASM311271v1",/dev/fd/63
signatures/1a73daf33acd6c062aeb4fe08b8b6f99.sig.gz,1a73daf33acd6c062aeb4fe08b8b6f99,1a73daf3,31,DNA,0,1000,4779,1,"GCF_000518605.1 Shewanella fidelis ATCC BAA-318 strain=ATCC BAA-318, ASM51860v1",/dev/fd/63
signatures/36bc765075eee6e20f1d14d6b7589e7a.sig.gz,36bc765075eee6e20f1d14d6b7589e7a,36bc7650,31,DNA,0,1000,4858,1,"GCA_014641855.1 Shewanella inventionis strain=CGMCC 1.15339, ASM1464185v1",/dev/fd/63
signatures/a915cf9bed16386e03a57277309335ed.sig.gz,a915cf9bed16386e03a57277309335ed,a915cf9b,31,DNA,0,1000,4638,1,"GCA_014648295.1 Shewanella saliphila strain=JCM 32304, ASM1464829v1",/dev/fd/63
signatures/a169a1ab78301a365649d2fdf09276b6.sig.gz,a169a1ab78301a365649d2fdf09276b6,a169a1ab,31,DNA,0,1000,5594,1,"GCF_001957125.1 Shewanella sp. UCD-KL12 strain=UCD-KL12, ASM195712v1",/dev/fd/63
signatures/d25a37af6e7bd810bc053c182e090e22.sig.gz,d25a37af6e7bd810bc053c182e090e22,d25a37af,31,DNA,0,1000,4407,1,"GCF_000013765.1 Shewanella denitrificans OS217 strain=OS217, ASM1376v1",/dev/fd/63
signatures/a17907bdf93a3cb412bff87b34246708.sig.gz,a17907bdf93a3cb412bff87b34246708,a17907bd,31,DNA,0,1000,3904,1,"GCF_006494715.1 Shewanella sp. SNU WT4 strain=SNU WT1, ASM649471v1",/dev/fd/63
signatures/148866eac6ad229e544afa870d849368.sig.gz,148866eac6ad229e544afa870d849368,148866ea,31,DNA,0,1000,5330,1,"GCF_003966265.1 Shewanella atlantica strain=HAW-EB5, ASM396626v1",/dev/fd/63
signatures/758e1687acc9ffe91b5a8f369bb22044.sig.gz,758e1687acc9ffe91b5a8f369bb22044,758e1687,31,DNA,0,1000,4903,1,"GCA_014648035.1 Shewanella algicola strain=JCM 31091, ASM1464803v1",/dev/fd/63
signatures/c1387b9b2136199252d7557c64bf86ff.sig.gz,c1387b9b2136199252d7557c64bf86ff,c1387b9b,31,DNA,0,1000,5369,1,"GCF_000014885.1 Shewanella piezotolerans WP3 strain=WP3, ASM1488v1",/dev/fd/63
signatures/c313a53061c153360a2e35ee1f0f6cd9.sig.gz,c313a53061c153360a2e35ee1f0f6cd9,c313a530,31,DNA,0,1000,4015,1,"GCF_009647595.1 Shewanella sp. XMDDZSB0408 strain=XMDDZSB0408, ASM964759v1",/dev/fd/63
signatures/8053bc0b4799514850ee738385e54667.sig.gz,8053bc0b4799514850ee738385e54667,8053bc0b,31,DNA,0,1000,4700,1,"GCA_002783505.1 Shewanella sp. CG12_big_fil_rev_8_21_14_0_65_47_15, ASM278350v1",/dev/fd/63
signatures/1cb4c53abb31ab3c614fa61a1d2d81cd.sig.gz,1cb4c53abb31ab3c614fa61a1d2d81cd,1cb4c53a,31,DNA,0,1000,4199,1,"GCF_000015245.1 Shewanella amazonensis SB2B strain=SB2B, ASM1524v1",/dev/fd/63
signatures/b2be887ccbf7998702c2c592814c308e.sig.gz,b2be887ccbf7998702c2c592814c308e,b2be887c,31,DNA,0,1000,4663,1,"GCA_014648315.1 Shewanella ulleungensis strain=JCM 32305, ASM1464831v1",/dev/fd/63
signatures/00e9a4daee8b5d29cd00978b609e0ffd.sig.gz,00e9a4daee8b5d29cd00978b609e0ffd,00e9a4da,31,DNA,0,1000,4882,1,"GCF_000018285.1 Shewanella pealeana ATCC 700345 strain=ATCC 700345, ASM1828v1",/dev/fd/63
signatures/ef56c3e96aea4655dcab10e7dad9cb8b.sig.gz,ef56c3e96aea4655dcab10e7dad9cb8b,ef56c3e9,31,DNA,0,1000,5644,1,"GCF_003966225.1 Shewanella canadensis strain=HAW-EB2, ASM396622v1",/dev/fd/63
signatures/196b6999d4aa86cbfa8d2c674b39a7aa.sig.gz,196b6999d4aa86cbfa8d2c674b39a7aa,196b6999,31,DNA,0,1000,4783,1,"GCF_003855395.1 Shewanella livingstonensis strain=LMG 19866, ASM385539v1",/dev/fd/63
signatures/7c9b3f985c524e3c9534915e5e98053d.sig.gz,7c9b3f985c524e3c9534915e5e98053d,7c9b3f98,31,DNA,0,1000,4479,1,"GCF_000832025.1 Shewanella sp. cp20 strain=cp20, ASM83202v1",/dev/fd/63
signatures/ff548385ec3c0f099dfd935f19c66869.sig.gz,ff548385ec3c0f099dfd935f19c66869,ff548385,31,DNA,0,1000,4725,1,"GCF_002873615.1 Shewanella sp. 10N.286.51.B7 strain=10N.286.51.B7, ASM287361v1",/dev/fd/63
signatures/68fbd9d7bebb0951abba76d831871dda.sig.gz,68fbd9d7bebb0951abba76d831871dda,68fbd9d7,31,DNA,0,1000,4813,1,"GCF_009663145.1 Shewanella sp. TC10 strain=TC10, ASM966314v1",/dev/fd/63
signatures/56144b7b0453b29f15fc9096ef6a0768.sig.gz,56144b7b0453b29f15fc9096ef6a0768,56144b7b,31,DNA,0,1000,4801,1,"GCF_002838165.1 Shewanella sp. Pdp11 strain=Pdp11, ASM283816v1",/dev/fd/63
signatures/0bb846a58d7b417c24b2281c86698ad7.sig.gz,0bb846a58d7b417c24b2281c86698ad7,0bb846a5,31,DNA,0,1000,3815,1,"GCA_014647855.1 Shewanella gelidii strain=JCM 30804, ASM1464785v1",/dev/fd/63
signatures/34d56de65e263297d89fca3687ed36f7.sig.gz,34d56de65e263297d89fca3687ed36f7,34d56de6,31,DNA,0,1000,4538,1,"GCF_001957135.1 Shewanella sp. UCD-KL21 strain=UCD-KL21, ASM195713v1",/dev/fd/63
signatures/ec67e4f4123cde3bc58c231a0c509fcf.sig.gz,ec67e4f4123cde3bc58c231a0c509fcf,ec67e4f4,31,DNA,0,1000,5306,1,"GCF_000018025.1 Shewanella sediminis HAW-EB3 strain=HAW-EB3, ASM1802v1",/dev/fd/63
signatures/934426880816db0ab519eca79bd97fdf.sig.gz,934426880816db0ab519eca79bd97fdf,93442688,31,DNA,0,1000,4870,1,"GCF_007567505.1 Shewanella donghaensis strain=LT17, ASM756750v1",/dev/fd/63
signatures/3537c91edf7f0377bd7019c32c2332fb.sig.gz,3537c91edf7f0377bd7019c32c2332fb,3537c91e,31,DNA,0,1000,4011,1,"GCF_014163735.1 Shewanella sp. SR44-3 strain=SR44-3, ASM1416373v1",/dev/fd/63
signatures/ed82ffcf694c52dd12107ed7603dd9fc.sig.gz,ed82ffcf694c52dd12107ed7603dd9fc,ed82ffcf,31,DNA,0,1000,4365,1,"GCF_011765625.1 Shewanella aestuarii strain=PN3F2, ASM1176562v1",/dev/fd/63
signatures/2f5d1b5c5e47fca2649265b1b7a336c7.sig.gz,2f5d1b5c5e47fca2649265b1b7a336c7,2f5d1b5c,31,DNA,0,1000,5190,1,"GCF_003353085.1 Shewanella corallii strain=A687, ASM335308v1",/dev/fd/63
signatures/20cc96aa6f4691c8cf4891facbda21ff.sig.gz,20cc96aa6f4691c8cf4891facbda21ff,20cc96aa,31,DNA,0,1000,4710,1,"GCA_013214165.1 Shewanella sp., ASM1321416v1",/dev/fd/63
signatures/2e621f8b847ab637d5437246bdbec00e.sig.gz,2e621f8b847ab637d5437246bdbec00e,2e621f8b,31,DNA,0,1000,5556,1,"GCF_007004545.1 Shewanella sp. YLB-08 strain=YLB-08, ASM700454v1",/dev/fd/63
signatures/f0aaa5d0996f6300a1e17ce03b689dc4.sig.gz,f0aaa5d0996f6300a1e17ce03b689dc4,f0aaa5d0,31,DNA,0,1000,4704,1,"GCF_000091325.1 Shewanella violacea DSS12 strain=DSS12, ASM9132v1",/dev/fd/63
signatures/0b85efba56de05e319d4875199aca60d.sig.gz,0b85efba56de05e319d4875199aca60d,0b85efba,31,DNA,0,1000,4885,1,"GCF_014164505.1 Shewanella sp. SG41-4 strain=SG41-4, ASM1416450v1",/dev/fd/63
signatures/41b71f240783f069227d02b1e6f49ef7.sig.gz,41b71f240783f069227d02b1e6f49ef7,41b71f24,31,DNA,0,1000,4962,1,"GCF_013248905.1 Shewanella sp. VB17 strain=VB17, ASM1324890v1",/dev/fd/63
signatures/4804862ed872b372e48c9534bc1d2e64.sig.gz,4804862ed872b372e48c9534bc1d2e64,4804862e,31,DNA,0,1000,4688,1,"GCF_003957745.1 Shewanella khirikhana strain=TH2012, ASM395774v1",/dev/fd/63
signatures/53b2f157d53aa07d578698039cec4a9c.sig.gz,53b2f157d53aa07d578698039cec4a9c,53b2f157,31,DNA,0,1000,4480,1,"GCF_000614975.1 Shewanella marina JCM 15074 strain=JCM 15074, ASM61497v1",/dev/fd/63
signatures/c8d2948b85ca5b53771b0aad1154fa8f.sig.gz,c8d2948b85ca5b53771b0aad1154fa8f,c8d2948b,31,DNA,0,1000,4280,1,"GCF_012911865.1 Shewanella sp. SHSM-M6 strain=SHSM-M6, ASM1291186v1",/dev/fd/63
signatures/a28cfeb796cef3d5c998ee3d6cbe828c.sig.gz,a28cfeb796cef3d5c998ee3d6cbe828c,a28cfeb7,31,DNA,0,1000,4647,1,"GCF_009831655.1 Shewanella sp. JBTF-M18 strain=JBTF-M18, ASM983165v1",/dev/fd/63
signatures/ad302a71b51db46f31d733a812370fd7.sig.gz,ad302a71b51db46f31d733a812370fd7,ad302a71,31,DNA,0,1000,4182,1,"GCF_000753795.1 Shewanella mangrovi strain=YQH10, ASM75379v1",/dev/fd/63
signatures/70f6231a0f71888289cb8c7187846c95.sig.gz,70f6231a0f71888289cb8c7187846c95,70f6231a,31,DNA,0,1000,4502,1,"GCF_000217915.1 Shewanella sp. HN-41 strain=HN-41, ASM21791v1",/dev/fd/63
signatures/729f8c91d15c6c1e12b577af390cba94.sig.gz,729f8c91d15c6c1e12b577af390cba94,729f8c91,31,DNA,0,1000,3894,1,"GCA_014647215.1 Shewanella aestuarii strain=JCM 17801, ASM1464721v1",/dev/fd/63
signatures/552afb378c3e5c9d518be0890d32fd93.sig.gz,552afb378c3e5c9d518be0890d32fd93,552afb37,31,DNA,0,1000,6114,1,"GCF_002005305.1 Shewanella psychrophila strain=WP2, ASM200530v1",/dev/fd/63
signatures/38f970ad842fcd53d8ec3eb471734ce8.sig.gz,38f970ad842fcd53d8ec3eb471734ce8,38f970ad,31,DNA,0,1000,5171,1,"GCF_000019185.1 Shewanella halifaxensis HAW-EB4 strain=HAW-EB4, ASM1918v1",/dev/fd/63
